id,name,bird_type,scientific_name,description,traits,habitat,diet,conservation_status,image_url,spotted_locations,size,call,seasonality,behaviours
1,Red-throated Diver,Diver,Gavia stellata,A medium-sized diving bird with a slender body and distinctive red throat.,"Medium-sized, slender body, red throat patch, long pointed bill.",Breeds in freshwater lakes and ponds; winters in coastal seas and bays.,"Fish, crustaceans, and other small aquatic animals.",Least Concern,https://images.unsplash.com/photo-1486365227551-f3f90034a57c?w=1400&auto=format&fit=crop&q=60&ixlib=rb-4.0.3&ixid=M3wxMjA3fDB8MHxzZWFyY2h8Mnx8YmlyZHxlbnwwfHwwfHx8MA%3D%3D,"Coastal areas of Scotland, Ireland, and northern England; Arctic regions during breeding.",55,"Melancholic wails and wailing howls, especially during breeding season.",Summer visitor to northern areas; winters along coasts.,Excellent swimmer and diver; rarely seen on land except for nesting.
2,Great Northern Diver,Diver,Gavia immer,"A large, powerful diving bird with striking black-and-white plumage and a dagger-like bill.","Large body, black head, white underparts, checkered black-and-white back, sharp bill.",Breeds on freshwater lakes; winters on coastal seas and estuaries.,Primarily fish; occasionally mollusks and crustaceans.,Least Concern,,"Coastal areas in Scotland, Ireland, and southwest England during winter.",81,"Distinctive eerie wailing, yodel-like calls often heard during breeding season.",Winter visitor to the UK; breeds in northern Canada and Greenland.,Expert swimmer and diver; dives to great depths to catch fish.
3,Great Crested Grebe,Diver,Podiceps cristatus,A striking waterbird with a distinctive ruff of feathers and elegant courtship displays.,"Medium-sized, long neck, reddish-brown ruff, white cheeks, slender body.","Lakes, reservoirs, and slow-moving rivers; prefers freshwater.","Fish, aquatic insects, and small crustaceans.",Least Concern,,Widespread across the UK on freshwater lakes and reservoirs.,50,"Low growls and a series of repeated, sharp “crick-crick” sounds.",Year-round resident in the UK; some populations migrate short distances.,Famous for elaborate courtship dances; excellent swimmer and diver.
4,Little Grebe,Diver,Tachybaptus ruficollis,"A small, fluffy waterbird with a stubby body and a characteristic “peep” call.","Small size, rounded body, dark brown plumage, chestnut neck in breeding season, short bill.","Ponds, lakes, slow-moving rivers, and wetlands.","Aquatic invertebrates, small fish, and crustaceans.",Least Concern,,"Found across the UK in small freshwater bodies, especially in quieter areas.",29,High-pitched “peep-peep” often heard near reed beds.,Year-round resident in the UK.,Excellent diver; rarely seen flying and prefers to stay close to cover.
5,Manx Shearwater,Fulmars,Puffinus puffinus,"A sleek seabird known for its graceful flight, dark upperparts, and white underparts.","Medium-sized, long slender wings, dark upperparts, white underparts, and a slightly hooked bill.",Open ocean; breeds on coastal cliffs and islands.,"Fish, squid, and other small marine organisms.",Least Concern,,"Breeds on islands off the UK coast, such as Skomer and Skokholm; seen offshore in open seas.",35,"Distinctive eerie, wailing calls often heard at night near breeding colonies.",Summer breeder in the UK; winters in the South Atlantic.,Master of gliding flight; spends most of its life at sea and comes ashore only to breed.
6,Fulmar,Fulmars,Fulmarus glacialis,"A robust seabird with stiff-winged flight, resembling a small gull but closely related to petrels.","Medium-sized, tube-nosed bill, pale grey upperparts, white underparts, and stiff wings.",Coastal cliffs and open ocean.,"Fish, squid, and scavenged food such as offal.",Least Concern,,Breeding on cliffs along the northern and western coasts of the UK; often seen gliding over the sea.,45,"Guttural, grating “kek-kek-kek” sounds during breeding season.","Year-round resident, but more commonly seen near breeding sites in spring and summer.",Expert glider; spits foul-smelling oil as a defense mechanism.
7,Gannet,Gannets,Morus bassanus,"A large, striking seabird with a white body, black wingtips, and a distinctive yellowish head. Known for spectacular diving.","Large size, long pointed wings, white body, black wingtips, yellowish head, and sharp beak.",Open ocean and coastal cliffs during the breeding season.,"Fish, especially shoaling species like mackerel and herring.",Least Concern,,"Breeding on UK coasts such as Bass Rock, St Kilda, and Bempton Cliffs; seen offshore year-round.",94,"Harsh, throaty “arrk-arrk” calls heard mainly at breeding colonies.",Breeds in spring and summer; disperses offshore during winter.,Famous for plunge-diving from great heights to catch fish; flies with steady wingbeats.
8,Cormorant ,Cormorants,Phalacrocorax carbo,"A large, dark waterbird with a distinctive long neck and hooked bill, often seen drying its wings.","Large, black plumage with a greenish sheen, long neck, hooked bill, and webbed feet.","Coastal cliffs, estuaries, rivers, and lakes.","Fish, caught by diving underwater.",Least Concern,,"Found across the UK, especially along coasts, inland lakes, and rivers.",90,"Grunting and croaking sounds, mainly at breeding colonies.",Year-round resident in the UK.,Skilled diver; often seen standing with wings outstretched to dry.
9,Shag,Cormorants,Phalacrocorax aristotelis,"A slender, glossy black seabird with a distinctive greenish sheen and a crest during the breeding season.","Smaller than the Cormorant, slender body, glossy black plumage, greenish sheen, and crested head in breeding season.",Coastal cliffs and rocky shores.,"Fish, especially small species like sand eels, caught by diving.",Least Concern,,"Common along UK coasts, especially in Scotland, Wales, and southwest England.",68,"Harsh croaks and grunts, mainly at breeding colonies.",Year-round resident in the UK.,Expert diver; forages underwater and often perches on rocks to dry wings.
10,Bittern,Herons,Botaurus stellaris,"A secretive, well-camouflaged heron known for its booming call and preference for reed beds.","Medium-sized, streaked brown plumage, stocky body, and short neck.",Freshwater wetlands with extensive reed beds.,"Fish, amphibians, insects, and other small aquatic creatures.",Least Concern (globally); Amber listed in the UK due to habitat loss.,,"Found in wetlands like RSPB reserves (e.g., Minsmere, Ham Wall).",76,"Deep, resonant “booming” sound, often heard at dawn and dusk during breeding season.",Resident breeder in the UK; numbers boosted by winter migrants.,Secretive; uses its streaked plumage to blend into reed beds when disturbed.
11,Little Egret,Herons,Egretta garzetta,"Small, white plumage, slender black bill, black legs, yellow feet, and long neck.","Small, white plumage, slender black bill, black legs, yellow feet, and long neck.","Estuaries, wetlands, shallow lakes, and rivers.","Fish, amphibians, crustaceans, and insects.",Least Concern,,"Increasingly common in southern UK wetlands, estuaries, and coastal areas.",60,"A harsh “karrk” sound, mainly heard during flight or near nesting sites.",Year-round resident in southern UK; some seasonal movements within Europe.,Graceful and active feeder; often seen stirring water with feet to catch prey.
12,Grey Heron,Herons,Ardea cinerea,"A large, elegant wading bird with long legs, a long neck, and a dagger-like bill, often seen standing motionless near water.","Large size, grey plumage, white head with black crest, long legs, and a sharp, yellow bill.","Wetlands, rivers, lakes, estuaries, and garden ponds.","Fish, amphibians, insects, and occasionally small mammals or birds.",Least Concern,,"Found across the UK in wetlands, urban parks, and near water bodies.",100,"Harsh, croaking “fraank” call, especially during flight or at colonies.",Year-round resident in the UK.,Patient and stealthy hunter; stands motionless before striking prey with its bill.
13,White Stork,Herons,Ciconia ciconia,"A large, graceful bird with white plumage, black wingtips, and a long red bill and legs, often associated with wetland habitats.","Large size, white plumage, black wingtips, long red legs, and a red, pointed bill.","Wetlands, grasslands, and agricultural fields; often nests on rooftops or tall structures.","Amphibians, fish, insects, small mammals, and reptiles.",Least Concern (globally); rare visitor to the UK.,,"Occasionally seen in southern England; small populations reintroduced in the UK (e.g., Knepp Estate in West Sussex).",110,"Generally silent; known for bill-clattering displays, especially at nests.",Rare visitor to the UK; more common in mainland Europe during spring and summer.,Often seen soaring on thermals; nests communally and uses its bill for clattering communication.
14,Spoonbill,Herons,Platalea leucorodia,"A large, elegant white waterbird with a distinctive spatula-shaped bill, often seen wading in shallow water.","Large, white plumage, long spatula-shaped bill, long neck, black legs.","Wetlands, estuaries, shallow lakes, and lagoons.","Aquatic invertebrates, small fish, and insects.",Least Concern,,"Found in a few wetlands in southern England (e.g., RSPB reserves at Minsmere and Titchwell).",85,Generally silent; occasionally makes soft grunting or croaking sounds.,Summer visitor to the UK; some populations may stay year-round in mild winters.,Feeds by sweeping its bill side-to-side in shallow water; often seen in small groups.
15,Greater Flamingo,Herons,Phoenicopterus roseus,"A tall, striking waterbird with pinkish-white plumage, long legs, and a distinctively curved pink-and-black bill.","Large size, pinkish-white plumage, long neck, long legs, curved pink-and-black bill.","Shallow lakes, salt pans, lagoons, and estuaries.","Algae, small crustaceans, and plankton, filtered through its specialized bill.",Least Concern,,"Rare visitor to the UK; occasionally seen in wetlands, particularly in southern England.",145,"Loud, goose-like honking sounds, often heard in flocks.","Rare visitor to the UK, typically from Europe or captive populations.",Often seen wading in water; feeds by dipping its bill upside-down to filter food.
16,Mute Swan,Swans,Cygnus olor,"A large, elegant waterbird with pure white plumage, an orange bill with a black knob, and a gracefully curved neck.","Large size, white plumage, orange bill with black knob, long neck, black legs.","Lakes, rivers, reservoirs, and canals.","Aquatic vegetation, grasses, and small invertebrates.",Least Concern,,Found across the UK in freshwater and slow-moving water bodies.,160,Generally silent; occasional hissing or soft grunting.,Year-round resident in the UK.,Graceful swimmer; often seen gliding on water; defends territory aggressively during breeding season.
17,Whopper Swan,Swans,Cygnus cygnus,"A large, elegant swan with white plumage, a long neck, and a distinctive yellow-and-black bill. Known for its loud, trumpeting call.","Large size, white plumage, yellow-and-black bill, long neck, and black legs.","Lakes, rivers, and wetlands; frequents estuaries and flooded fields in winter.","Aquatic plants, grasses, and occasionally grains from farmland.",Least Concern,,"Winter visitor to the UK, especially in Scotland, Northern Ireland, and northern England.",150,"Loud, trumpeting “whoop-whoop” call, often heard in flight.",Winter visitor to the UK; breeds in Iceland and Scandinavia.,"Social in winter, often found in flocks; grazes in fields and feeds in shallow water."
18,Pink-footed Goose,Geese,Anser brachyrhynchus,A medium-sized grayish goose with a short bill and distinctive pink legs and feet. Commonly seen in large flocks in winter.,"Medium size, grey-brown plumage, short pink-and-black bill, pink legs, and feet.","Estuaries, coastal marshes, and agricultural fields.","Grasses, grains, and roots.",Least Concern,,"Winter visitor to the UK, especially in eastern England, Scotland, and parts of Northern Ireland.",65,"High-pitched, yelping “wink-wink” calls, often heard in flight.",Winter visitor to the UK; breeds in Iceland and Greenland.,Feeds in flocks; often flies in V-shaped formations during migration.
19,White-fronted Goose,,Anser albifrons,"A medium-sized goose with grey-brown plumage, a white patch around the base of its pink bill, and black barring on the belly.","Medium size, grey-brown plumage, white face patch, pink bill, and black belly bars.","Wetlands, estuaries, coastal marshes, and agricultural fields.","Grasses, grains, and roots.",Least Concern,,"Winter visitor to southern England, Wales, and parts of Ireland.",70,"High-pitched, laughing “kla-ha-ha” calls, often heard in flight.",Winter visitor to the UK; breeds in the Arctic tundra.,Often seen in mixed flocks with other geese; grazes in fields and wetlands.
20,Greylag Goose,Geese,Anser anser,"A large, sturdy goose with grey-brown plumage, orange bill, and pale legs. It is the ancestor of most domestic geese.","Large size, grey-brown plumage, orange bill, pale pink legs, and a stocky build.","Lakes, wetlands, rivers, and agricultural fields.","Grasses, crops, and roots.",Least Concern,,"Found across the UK, especially in Scotland and northern England; also reintroduced to southern areas.",84,"Loud, honking “aahng-aahng,” often heard in flight or when alarmed.","Year-round resident, with numbers boosted by winter migrants from Iceland.",Social and often seen in large flocks; grazes in fields and swims gracefully in water.
21,Canada Goose,Geese,Branta canadensis,"A large, distinctive goose with a black head and neck, white chin strap, and brown body. Widely recognized and common in parks and wetlands.","Large size, black head and neck, white chin strap, brown body, and white underparts.","Lakes, rivers, wetlands, urban parks, and agricultural fields.","Grasses, grains, aquatic plants, and occasionally small invertebrates.",Least Concern,,"Found across the UK in parks, lakes, and rivers; especially common in urban areas.",100,"Loud honking “ahonk-ahonk,” often heard in flight or during social interactions.",Year-round resident in the UK; originally introduced from North America.,Social and often seen in flocks; grazes on land and forages in water; forms strong pair bonds.
22,Brent Goose,Geese,Branta bernicla,"A small, dark goose with black plumage, a white patch on the neck, and a contrasting greyish belly. Often seen in coastal areas during winter.","Small size, black head and neck, white neck patch, dark plumage, and grey belly.","Coastal estuaries, salt marshes, and mudflats.","Eelgrass, algae, and other aquatic plants.",Least Concern,,"Winter visitor to the UK; commonly seen in southern and eastern England, especially along estuaries.",61,"Low, guttural “rrot-rrot” or “crr-crr” calls, often heard in flocks.",Winter visitor; breeds in the Arctic and migrates to the UK in autumn.,Feeds in flocks on mudflats and estuaries; often grazes in fields near coastal areas.
23,Shelduck,Ducks,Tadorna tadorna,"A large, striking duck with a white body, chestnut breast band, black-green head, and a red bill. Often seen in coastal wetlands.","Large size, white body, chestnut breast band, black-green head, red bill, and pink legs.","Coastal estuaries, mudflats, and inland lakes.","Aquatic invertebrates, crustaceans, and small mollusks.",Least Concern,,"Found across the UK in coastal areas; particularly common in the Wash, Severn Estuary, and Morecambe Bay.",61,"Soft, high-pitched whistles and occasional grunts.","Year-round resident in the UK, with some migratory populations arriving in winter.",Feeds by dabbling or grazing; nests in burrows or rabbit holes near water.
24,Wigeon ,Ducks,Mareca penelope,"A medium-sized duck with distinctive plumage: males have a chestnut head with a creamy crown stripe, and females are mottled brown. Known for their whistling calls.","Medium size, males with chestnut head and creamy stripe, females mottled brown, pale grey body, and pointed tail.","Wetlands, lakes, estuaries, and coastal marshes.","Aquatic plants, grasses, and occasionally seeds.",Least Concern,,"Common winter visitor to the UK; seen in wetlands and estuaries, especially in southern and eastern England.",48,Males produce a distinctive whistling “whee-oo” call; females emit softer growls.,Winter visitor; breeds in northern Europe and Asia.,Grazes on land near water; forms large flocks in winter.
25,Gradwall,Ducks,Mareca strepera,"A medium-sized dabbling duck with understated, elegant plumage. Males are grey with a black rear end, while females are mottled brown, resembling a female Mallard.","Medium size, males with grey body and black rear, females mottled brown, white wing patch visible in flight.","Freshwater lakes, ponds, marshes, and reservoirs.","Aquatic plants, seeds, and small invertebrates.",Least Concern,,"Found across the UK in wetlands, especially in southern and eastern England.",50,"Males produce a short, nasal “rek” sound; females emit quacking calls similar to Mallards.",Year-round resident in the UK; numbers increase in winter with migrants from Europe.,Feeds by dabbling on the water’s surface or grazing on nearby land.
26,Teal,Ducks,Anas crecca,"A small, fast-flying duck with males showing a striking green eye patch and chestnut head, and females being mottled brown. Common in wetlands.","Small size, males with chestnut head and green eye patch, females mottled brown, pale underparts.","Freshwater marshes, lakes, estuaries, and floodplains.","Seeds, aquatic vegetation, and small invertebrates.",Least Concern,,Found across the UK in wetlands during winter; breeding in northern England and Scotland.,34,"Males produce a soft, high-pitched “wheep”; females emit a quiet quack.",Year-round resident; numbers increase significantly in winter with migrants from northern Europe.,Feeds by dabbling in shallow water; often seen in small flocks.
27,Mallard,Ducks,Anas platyrhynchos,"A large, widespread duck with males having a glossy green head and females being mottled brown. Known for their adaptability to urban and rural environments.","Large size, males with green head and yellow bill, females mottled brown, both with blue wing patch.","Lakes, ponds, rivers, canals, and wetlands.","Aquatic plants, seeds, insects, and small invertebrates.",Least Concern,,Found across the UK in almost all freshwater habitats; common in parks and gardens.,60,"Females emit a loud quacking “quack-quack”; males produce quieter, raspier calls.",Year-round resident in the UK.,Feeds by dabbling on the water’s surface or foraging on land; highly adaptable and often seen in urban areas.
28,Shoveler,Ducks,Spatula clypeata,"A medium-sized duck with a distinctive broad, flattened bill used for filtering food. Males have vibrant plumage with green heads, while females are mottled brown.","Medium size, broad shovel-like bill, males with green head and chestnut sides, females mottled brown.","Shallow wetlands, lakes, and marshes.","Aquatic invertebrates, seeds, and plankton, filtered through its unique bill.",Least Concern,,"Found in wetlands across the UK, particularly in southern and eastern England.",50,"Males produce a low, soft “took-took” sound; females emit quieter quacks.",Winter visitor; smaller numbers breed in the UK during summer.,Feeds by sweeping its broad bill side-to-side in shallow water; often seen in small flocks.
29,Garganey,Ducks,Spatula querquedula,"A small, elegant dabbling duck. Males have a distinctive white stripe over the eye, while females are mottled brown, resembling a female Teal.","Small size, males with white eye stripe and greyish flanks, females mottled brown, both with a slender profile.","Shallow wetlands, marshes, and floodplains with dense vegetation.","Aquatic plants, seeds, and small invertebrates.",Least Concern,,Breeding in a few locations in southern and eastern England; more common as a passage migrant in wetlands.,41,"Males produce a distinctive short, rattling “crr-crr-crr” call; females are quieter with soft quacks.",Summer breeder in the UK; migrates to Africa for winter.,"Feeds by dabbling or filtering food in shallow water; often found in small, quiet wetlands."
30,Pintail,Ducks,Anas acuta,"A graceful, slender duck with a long, pointed tail. Males have striking plumage with a brown head, white neck stripe, and grey body, while females are mottled brown.","Medium size, long pointed tail, males with brown head and white neck stripe, females mottled brown.","Wetlands, lakes, estuaries, and marshes.","Aquatic plants, seeds, and small invertebrates.",Least Concern,,"Found across the UK in wetlands during winter, particularly in southern and eastern England.",58,"Males produce a soft, whistling “whee-oo”; females emit low quacks.",Winter visitor in the UK; breeds in northern Europe and Asia.,Feeds by dabbling in shallow water; often seen in small flocks or mixed with other duck species.
31,,,,,,,,,,,,,,
32,,,,,,,,,,,,,,
33,,,,,,,,,,,,,,
34,,,,,,,,,,,,,,
35,,,,,,,,,,,,,,
36,,,,,,,,,,,,,,
37,,,,,,,,,,,,,,
38,,,,,,,,,,,,,,
39,,,,,,,,,,,,,,
40,,,,,,,,,,,,,,
41,,,,,,,,,,,,,,
42,,,,,,,,,,,,,,
43,,,,,,,,,,,,,,
44,,,,,,,,,,,,,,
45,,,,,,,,,,,,,,
46,,,,,,,,,,,,,,
47,,,,,,,,,,,,,,
48,,,,,,,,,,,,,,
49,,,,,,,,,,,,,,
50,,,,,,,,,,,,,,
51,,,,,,,,,,,,,,
52,,,,,,,,,,,,,,
53,,,,,,,,,,,,,,
54,,,,,,,,,,,,,,
55,,,,,,,,,,,,,,
56,,,,,,,,,,,,,,
57,,,,,,,,,,,,,,
58,,,,,,,,,,,,,,
59,,,,,,,,,,,,,,
60,,,,,,,,,,,,,,
61,,,,,,,,,,,,,,
62,,,,,,,,,,,,,,
63,,,,,,,,,,,,,,
64,,,,,,,,,,,,,,
65,,,,,,,,,,,,,,
66,,,,,,,,,,,,,,
67,,,,,,,,,,,,,,
68,,,,,,,,,,,,,,
69,,,,,,,,,,,,,,
70,,,,,,,,,,,,,,
71,,,,,,,,,,,,,,
72,,,,,,,,,,,,,,
73,,,,,,,,,,,,,,
74,,,,,,,,,,,,,,
75,,,,,,,,,,,,,,
76,,,,,,,,,,,,,,
77,,,,,,,,,,,,,,
78,,,,,,,,,,,,,,
79,,,,,,,,,,,,,,
80,,,,,,,,,,,,,,
81,,,,,,,,,,,,,,
82,,,,,,,,,,,,,,
83,,,,,,,,,,,,,,
84,,,,,,,,,,,,,,
85,,,,,,,,,,,,,,
86,,,,,,,,,,,,,,
87,,,,,,,,,,,,,,
88,,,,,,,,,,,,,,
89,,,,,,,,,,,,,,
90,,,,,,,,,,,,,,
91,,,,,,,,,,,,,,
92,,,,,,,,,,,,,,
93,,,,,,,,,,,,,,
94,,,,,,,,,,,,,,
95,,,,,,,,,,,,,,
96,,,,,,,,,,,,,,
97,,,,,,,,,,,,,,
98,,,,,,,,,,,,,,
99,,,,,,,,,,,,,,
100,,,,,,,,,,,,,,
101,,,,,,,,,,,,,,
102,,,,,,,,,,,,,,
103,,,,,,,,,,,,,,
104,,,,,,,,,,,,,,
105,,,,,,,,,,,,,,
106,,,,,,,,,,,,,,
107,,,,,,,,,,,,,,
108,,,,,,,,,,,,,,
109,,,,,,,,,,,,,,
110,,,,,,,,,,,,,,
111,,,,,,,,,,,,,,
112,,,,,,,,,,,,,,
113,,,,,,,,,,,,,,
114,,,,,,,,,,,,,,
115,,,,,,,,,,,,,,
116,,,,,,,,,,,,,,
117,,,,,,,,,,,,,,
118,,,,,,,,,,,,,,
119,,,,,,,,,,,,,,
120,,,,,,,,,,,,,,
121,,,,,,,,,,,,,,
122,,,,,,,,,,,,,,
123,,,,,,,,,,,,,,
124,,,,,,,,,,,,,,
125,,,,,,,,,,,,,,
126,,,,,,,,,,,,,,
127,,,,,,,,,,,,,,
128,,,,,,,,,,,,,,
129,,,,,,,,,,,,,,
130,,,,,,,,,,,,,,
131,,,,,,,,,,,,,,
132,,,,,,,,,,,,,,
133,,,,,,,,,,,,,,
134,,,,,,,,,,,,,,
135,,,,,,,,,,,,,,
136,,,,,,,,,,,,,,
137,,,,,,,,,,,,,,
138,,,,,,,,,,,,,,
139,,,,,,,,,,,,,,
140,,,,,,,,,,,,,,
141,,,,,,,,,,,,,,
142,,,,,,,,,,,,,,
143,,,,,,,,,,,,,,
144,,,,,,,,,,,,,,
145,,,,,,,,,,,,,,
146,,,,,,,,,,,,,,
147,,,,,,,,,,,,,,
148,,,,,,,,,,,,,,
149,,,,,,,,,,,,,,
150,,,,,,,,,,,,,,
151,,,,,,,,,,,,,,
152,,,,,,,,,,,,,,
153,,,,,,,,,,,,,,
154,,,,,,,,,,,,,,
155,,,,,,,,,,,,,,
156,,,,,,,,,,,,,,
157,,,,,,,,,,,,,,
158,,,,,,,,,,,,,,
159,,,,,,,,,,,,,,
160,,,,,,,,,,,,,,
161,,,,,,,,,,,,,,
162,,,,,,,,,,,,,,
163,,,,,,,,,,,,,,
164,,,,,,,,,,,,,,
165,,,,,,,,,,,,,,
166,,,,,,,,,,,,,,
167,,,,,,,,,,,,,,
168,,,,,,,,,,,,,,
169,,,,,,,,,,,,,,
170,,,,,,,,,,,,,,
171,,,,,,,,,,,,,,
172,,,,,,,,,,,,,,
173,,,,,,,,,,,,,,
174,,,,,,,,,,,,,,
175,,,,,,,,,,,,,,
176,,,,,,,,,,,,,,
177,,,,,,,,,,,,,,
178,,,,,,,,,,,,,,
179,,,,,,,,,,,,,,
180,,,,,,,,,,,,,,
181,,,,,,,,,,,,,,
182,,,,,,,,,,,,,,
183,,,,,,,,,,,,,,
184,,,,,,,,,,,,,,
185,,,,,,,,,,,,,,
186,,,,,,,,,,,,,,
187,,,,,,,,,,,,,,
188,,,,,,,,,,,,,,
189,,,,,,,,,,,,,,
190,,,,,,,,,,,,,,
191,,,,,,,,,,,,,,
192,,,,,,,,,,,,,,
193,,,,,,,,,,,,,,
194,,,,,,,,,,,,,,
195,,,,,,,,,,,,,,
196,,,,,,,,,,,,,,
197,,,,,,,,,,,,,,
198,,,,,,,,,,,,,,
199,,,,,,,,,,,,,,
200,,,,,,,,,,,,,,
201,,,,,,,,,,,,,,
202,,,,,,,,,,,,,,
203,,,,,,,,,,,,,,
204,,,,,,,,,,,,,,
205,,,,,,,,,,,,,,
206,,,,,,,,,,,,,,
207,,,,,,,,,,,,,,
208,,,,,,,,,,,,,,
209,,,,,,,,,,,,,,
210,,,,,,,,,,,,,,
211,,,,,,,,,,,,,,
212,,,,,,,,,,,,,,
213,,,,,,,,,,,,,,
214,,,,,,,,,,,,,,
215,,,,,,,,,,,,,,
216,,,,,,,,,,,,,,
217,,,,,,,,,,,,,,
218,,,,,,,,,,,,,,
219,,,,,,,,,,,,,,
220,,,,,,,,,,,,,,
221,,,,,,,,,,,,,,
222,,,,,,,,,,,,,,
223,,,,,,,,,,,,,,
224,,,,,,,,,,,,,,
225,,,,,,,,,,,,,,
226,,,,,,,,,,,,,,
227,,,,,,,,,,,,,,
228,,,,,,,,,,,,,,
229,,,,,,,,,,,,,,
230,,,,,,,,,,,,,,
231,,,,,,,,,,,,,,
232,,,,,,,,,,,,,,
233,,,,,,,,,,,,,,
234,,,,,,,,,,,,,,
235,,,,,,,,,,,,,,
236,,,,,,,,,,,,,,
237,,,,,,,,,,,,,,
238,,,,,,,,,,,,,,
239,,,,,,,,,,,,,,
240,,,,,,,,,,,,,,
241,,,,,,,,,,,,,,
242,,,,,,,,,,,,,,
243,,,,,,,,,,,,,,
244,,,,,,,,,,,,,,
245,,,,,,,,,,,,,,
246,,,,,,,,,,,,,,
247,,,,,,,,,,,,,,
248,,,,,,,,,,,,,,
249,,,,,,,,,,,,,,
250,,,,,,,,,,,,,,
251,,,,,,,,,,,,,,
252,,,,,,,,,,,,,,
253,,,,,,,,,,,,,,
254,,,,,,,,,,,,,,
255,,,,,,,,,,,,,,
256,,,,,,,,,,,,,,
257,,,,,,,,,,,,,,
258,,,,,,,,,,,,,,
259,,,,,,,,,,,,,,
260,,,,,,,,,,,,,,
261,,,,,,,,,,,,,,
262,,,,,,,,,,,,,,
263,,,,,,,,,,,,,,
264,,,,,,,,,,,,,,
265,,,,,,,,,,,,,,
266,,,,,,,,,,,,,,
267,,,,,,,,,,,,,,
268,,,,,,,,,,,,,,
269,,,,,,,,,,,,,,
270,,,,,,,,,,,,,,
271,,,,,,,,,,,,,,
272,,,,,,,,,,,,,,
273,,,,,,,,,,,,,,
274,,,,,,,,,,,,,,
275,,,,,,,,,,,,,,
276,,,,,,,,,,,,,,
277,,,,,,,,,,,,,,
278,,,,,,,,,,,,,,
279,,,,,,,,,,,,,,
280,,,,,,,,,,,,,,
281,,,,,,,,,,,,,,
282,,,,,,,,,,,,,,
283,,,,,,,,,,,,,,
284,,,,,,,,,,,,,,
285,,,,,,,,,,,,,,
286,,,,,,,,,,,,,,
287,,,,,,,,,,,,,,
288,,,,,,,,,,,,,,
289,,,,,,,,,,,,,,
290,,,,,,,,,,,,,,
291,,,,,,,,,,,,,,
292,,,,,,,,,,,,,,
293,,,,,,,,,,,,,,
294,,,,,,,,,,,,,,
295,,,,,,,,,,,,,,
296,,,,,,,,,,,,,,
297,,,,,,,,,,,,,,
298,,,,,,,,,,,,,,
299,,,,,,,,,,,,,,
300,,,,,,,,,,,,,,
301,,,,,,,,,,,,,,
302,,,,,,,,,,,,,,
303,,,,,,,,,,,,,,
304,,,,,,,,,,,,,,
305,,,,,,,,,,,,,,
306,,,,,,,,,,,,,,
307,,,,,,,,,,,,,,
308,,,,,,,,,,,,,,
309,,,,,,,,,,,,,,
310,,,,,,,,,,,,,,
311,,,,,,,,,,,,,,
312,,,,,,,,,,,,,,
313,,,,,,,,,,,,,,
314,,,,,,,,,,,,,,
315,,,,,,,,,,,,,,
316,,,,,,,,,,,,,,
317,,,,,,,,,,,,,,
318,,,,,,,,,,,,,,
319,,,,,,,,,,,,,,
320,,,,,,,,,,,,,,
321,,,,,,,,,,,,,,
322,,,,,,,,,,,,,,
323,,,,,,,,,,,,,,
324,,,,,,,,,,,,,,
325,,,,,,,,,,,,,,
326,,,,,,,,,,,,,,
327,,,,,,,,,,,,,,
328,,,,,,,,,,,,,,
329,,,,,,,,,,,,,,
330,,,,,,,,,,,,,,
331,,,,,,,,,,,,,,
332,,,,,,,,,,,,,,
333,,,,,,,,,,,,,,
334,,,,,,,,,,,,,,
335,,,,,,,,,,,,,,
336,,,,,,,,,,,,,,
337,,,,,,,,,,,,,,
338,,,,,,,,,,,,,,
339,,,,,,,,,,,,,,
340,,,,,,,,,,,,,,
341,,,,,,,,,,,,,,
342,,,,,,,,,,,,,,
343,,,,,,,,,,,,,,
344,,,,,,,,,,,,,,
345,,,,,,,,,,,,,,
346,,,,,,,,,,,,,,
347,,,,,,,,,,,,,,
348,,,,,,,,,,,,,,
349,,,,,,,,,,,,,,
350,,,,,,,,,,,,,,
351,,,,,,,,,,,,,,
352,,,,,,,,,,,,,,
353,,,,,,,,,,,,,,
354,,,,,,,,,,,,,,
355,,,,,,,,,,,,,,
356,,,,,,,,,,,,,,
357,,,,,,,,,,,,,,
358,,,,,,,,,,,,,,
359,,,,,,,,,,,,,,
360,,,,,,,,,,,,,,
361,,,,,,,,,,,,,,
362,,,,,,,,,,,,,,
363,,,,,,,,,,,,,,
364,,,,,,,,,,,,,,
365,,,,,,,,,,,,,,
366,,,,,,,,,,,,,,
367,,,,,,,,,,,,,,
368,,,,,,,,,,,,,,
369,,,,,,,,,,,,,,
370,,,,,,,,,,,,,,
371,,,,,,,,,,,,,,
372,,,,,,,,,,,,,,
373,,,,,,,,,,,,,,
374,,,,,,,,,,,,,,
375,,,,,,,,,,,,,,
376,,,,,,,,,,,,,,
377,,,,,,,,,,,,,,
378,,,,,,,,,,,,,,
379,,,,,,,,,,,,,,
380,,,,,,,,,,,,,,
381,,,,,,,,,,,,,,
382,,,,,,,,,,,,,,
383,,,,,,,,,,,,,,
384,,,,,,,,,,,,,,
385,,,,,,,,,,,,,,
386,,,,,,,,,,,,,,
387,,,,,,,,,,,,,,
388,,,,,,,,,,,,,,
389,,,,,,,,,,,,,,
390,,,,,,,,,,,,,,
391,,,,,,,,,,,,,,
392,,,,,,,,,,,,,,
393,,,,,,,,,,,,,,
394,,,,,,,,,,,,,,
395,,,,,,,,,,,,,,
396,,,,,,,,,,,,,,
397,,,,,,,,,,,,,,
398,,,,,,,,,,,,,,
399,,,,,,,,,,,,,,
400,,,,,,,,,,,,,,
401,,,,,,,,,,,,,,
402,,,,,,,,,,,,,,
403,,,,,,,,,,,,,,
404,,,,,,,,,,,,,,
405,,,,,,,,,,,,,,
406,,,,,,,,,,,,,,
407,,,,,,,,,,,,,,
408,,,,,,,,,,,,,,
409,,,,,,,,,,,,,,
410,,,,,,,,,,,,,,
411,,,,,,,,,,,,,,
412,,,,,,,,,,,,,,
413,,,,,,,,,,,,,,
414,,,,,,,,,,,,,,
415,,,,,,,,,,,,,,
416,,,,,,,,,,,,,,
417,,,,,,,,,,,,,,
418,,,,,,,,,,,,,,
419,,,,,,,,,,,,,,
420,,,,,,,,,,,,,,
421,,,,,,,,,,,,,,
422,,,,,,,,,,,,,,
423,,,,,,,,,,,,,,
424,,,,,,,,,,,,,,
425,,,,,,,,,,,,,,
426,,,,,,,,,,,,,,
427,,,,,,,,,,,,,,
428,,,,,,,,,,,,,,
429,,,,,,,,,,,,,,
430,,,,,,,,,,,,,,
431,,,,,,,,,,,,,,
432,,,,,,,,,,,,,,
433,,,,,,,,,,,,,,
434,,,,,,,,,,,,,,
435,,,,,,,,,,,,,,
436,,,,,,,,,,,,,,
437,,,,,,,,,,,,,,
438,,,,,,,,,,,,,,
439,,,,,,,,,,,,,,
440,,,,,,,,,,,,,,
441,,,,,,,,,,,,,,
442,,,,,,,,,,,,,,
443,,,,,,,,,,,,,,
444,,,,,,,,,,,,,,
445,,,,,,,,,,,,,,
446,,,,,,,,,,,,,,
447,,,,,,,,,,,,,,
448,,,,,,,,,,,,,,
449,,,,,,,,,,,,,,
450,,,,,,,,,,,,,,
451,,,,,,,,,,,,,,
452,,,,,,,,,,,,,,
453,,,,,,,,,,,,,,
454,,,,,,,,,,,,,,
455,,,,,,,,,,,,,,
456,,,,,,,,,,,,,,
457,,,,,,,,,,,,,,
458,,,,,,,,,,,,,,
459,,,,,,,,,,,,,,
460,,,,,,,,,,,,,,
461,,,,,,,,,,,,,,
462,,,,,,,,,,,,,,
463,,,,,,,,,,,,,,
464,,,,,,,,,,,,,,
465,,,,,,,,,,,,,,
466,,,,,,,,,,,,,,
467,,,,,,,,,,,,,,
468,,,,,,,,,,,,,,
469,,,,,,,,,,,,,,
470,,,,,,,,,,,,,,
471,,,,,,,,,,,,,,
472,,,,,,,,,,,,,,
473,,,,,,,,,,,,,,
474,,,,,,,,,,,,,,
475,,,,,,,,,,,,,,
476,,,,,,,,,,,,,,
477,,,,,,,,,,,,,,
478,,,,,,,,,,,,,,
479,,,,,,,,,,,,,,
480,,,,,,,,,,,,,,
481,,,,,,,,,,,,,,
482,,,,,,,,,,,,,,
483,,,,,,,,,,,,,,
484,,,,,,,,,,,,,,
485,,,,,,,,,,,,,,
486,,,,,,,,,,,,,,
487,,,,,,,,,,,,,,
488,,,,,,,,,,,,,,
489,,,,,,,,,,,,,,
490,,,,,,,,,,,,,,
491,,,,,,,,,,,,,,
492,,,,,,,,,,,,,,
493,,,,,,,,,,,,,,
494,,,,,,,,,,,,,,
495,,,,,,,,,,,,,,
496,,,,,,,,,,,,,,
497,,,,,,,,,,,,,,
498,,,,,,,,,,,,,,
499,,,,,,,,,,,,,,
500,,,,,,,,,,,,,,
501,,,,,,,,,,,,,,
502,,,,,,,,,,,,,,
503,,,,,,,,,,,,,,
504,,,,,,,,,,,,,,
505,,,,,,,,,,,,,,
506,,,,,,,,,,,,,,
507,,,,,,,,,,,,,,
508,,,,,,,,,,,,,,
509,,,,,,,,,,,,,,
510,,,,,,,,,,,,,,
511,,,,,,,,,,,,,,
512,,,,,,,,,,,,,,
513,,,,,,,,,,,,,,
514,,,,,,,,,,,,,,
515,,,,,,,,,,,,,,
516,,,,,,,,,,,,,,
517,,,,,,,,,,,,,,
518,,,,,,,,,,,,,,
519,,,,,,,,,,,,,,
520,,,,,,,,,,,,,,
521,,,,,,,,,,,,,,
522,,,,,,,,,,,,,,
523,,,,,,,,,,,,,,
524,,,,,,,,,,,,,,
525,,,,,,,,,,,,,,
526,,,,,,,,,,,,,,
527,,,,,,,,,,,,,,
528,,,,,,,,,,,,,,
529,,,,,,,,,,,,,,
530,,,,,,,,,,,,,,
531,,,,,,,,,,,,,,
532,,,,,,,,,,,,,,
533,,,,,,,,,,,,,,
534,,,,,,,,,,,,,,
535,,,,,,,,,,,,,,
536,,,,,,,,,,,,,,
537,,,,,,,,,,,,,,
538,,,,,,,,,,,,,,
539,,,,,,,,,,,,,,
540,,,,,,,,,,,,,,
541,,,,,,,,,,,,,,
542,,,,,,,,,,,,,,
543,,,,,,,,,,,,,,
544,,,,,,,,,,,,,,
545,,,,,,,,,,,,,,
546,,,,,,,,,,,,,,
547,,,,,,,,,,,,,,
548,,,,,,,,,,,,,,
549,,,,,,,,,,,,,,
550,,,,,,,,,,,,,,
551,,,,,,,,,,,,,,
552,,,,,,,,,,,,,,
553,,,,,,,,,,,,,,
554,,,,,,,,,,,,,,
555,,,,,,,,,,,,,,
556,,,,,,,,,,,,,,
557,,,,,,,,,,,,,,
558,,,,,,,,,,,,,,
559,,,,,,,,,,,,,,
560,,,,,,,,,,,,,,
561,,,,,,,,,,,,,,
562,,,,,,,,,,,,,,
563,,,,,,,,,,,,,,
564,,,,,,,,,,,,,,
565,,,,,,,,,,,,,,
566,,,,,,,,,,,,,,
567,,,,,,,,,,,,,,
568,,,,,,,,,,,,,,
569,,,,,,,,,,,,,,
570,,,,,,,,,,,,,,
571,,,,,,,,,,,,,,
572,,,,,,,,,,,,,,
573,,,,,,,,,,,,,,
574,,,,,,,,,,,,,,
575,,,,,,,,,,,,,,
576,,,,,,,,,,,,,,
577,,,,,,,,,,,,,,
578,,,,,,,,,,,,,,
579,,,,,,,,,,,,,,
580,,,,,,,,,,,,,,
581,,,,,,,,,,,,,,
582,,,,,,,,,,,,,,
583,,,,,,,,,,,,,,
584,,,,,,,,,,,,,,
585,,,,,,,,,,,,,,
586,,,,,,,,,,,,,,
587,,,,,,,,,,,,,,
588,,,,,,,,,,,,,,
589,,,,,,,,,,,,,,
590,,,,,,,,,,,,,,
591,,,,,,,,,,,,,,
592,,,,,,,,,,,,,,
593,,,,,,,,,,,,,,
594,,,,,,,,,,,,,,
595,,,,,,,,,,,,,,
596,,,,,,,,,,,,,,
597,,,,,,,,,,,,,,
598,,,,,,,,,,,,,,
599,,,,,,,,,,,,,,
600,,,,,,,,,,,,,,
601,,,,,,,,,,,,,,
602,,,,,,,,,,,,,,
603,,,,,,,,,,,,,,
604,,,,,,,,,,,,,,
605,,,,,,,,,,,,,,
606,,,,,,,,,,,,,,
607,,,,,,,,,,,,,,
608,,,,,,,,,,,,,,
609,,,,,,,,,,,,,,
610,,,,,,,,,,,,,,
611,,,,,,,,,,,,,,
612,,,,,,,,,,,,,,
613,,,,,,,,,,,,,,
614,,,,,,,,,,,,,,
615,,,,,,,,,,,,,,
616,,,,,,,,,,,,,,
617,,,,,,,,,,,,,,
618,,,,,,,,,,,,,,
619,,,,,,,,,,,,,,
620,,,,,,,,,,,,,,
621,,,,,,,,,,,,,,
622,,,,,,,,,,,,,,
623,,,,,,,,,,,,,,
624,,,,,,,,,,,,,,
625,,,,,,,,,,,,,,
626,,,,,,,,,,,,,,
627,,,,,,,,,,,,,,
628,,,,,,,,,,,,,,
629,,,,,,,,,,,,,,
630,,,,,,,,,,,,,,
631,,,,,,,,,,,,,,
632,,,,,,,,,,,,,,
633,,,,,,,,,,,,,,
634,,,,,,,,,,,,,,
635,,,,,,,,,,,,,,
636,,,,,,,,,,,,,,
637,,,,,,,,,,,,,,
638,,,,,,,,,,,,,,
639,,,,,,,,,,,,,,
640,,,,,,,,,,,,,,
641,,,,,,,,,,,,,,
642,,,,,,,,,,,,,,
643,,,,,,,,,,,,,,
644,,,,,,,,,,,,,,
645,,,,,,,,,,,,,,
646,,,,,,,,,,,,,,
647,,,,,,,,,,,,,,
648,,,,,,,,,,,,,,
649,,,,,,,,,,,,,,
650,,,,,,,,,,,,,,
651,,,,,,,,,,,,,,
652,,,,,,,,,,,,,,
653,,,,,,,,,,,,,,
654,,,,,,,,,,,,,,
655,,,,,,,,,,,,,,
656,,,,,,,,,,,,,,
657,,,,,,,,,,,,,,
658,,,,,,,,,,,,,,
659,,,,,,,,,,,,,,
660,,,,,,,,,,,,,,
661,,,,,,,,,,,,,,
662,,,,,,,,,,,,,,
663,,,,,,,,,,,,,,
664,,,,,,,,,,,,,,
665,,,,,,,,,,,,,,
666,,,,,,,,,,,,,,
667,,,,,,,,,,,,,,
668,,,,,,,,,,,,,,
669,,,,,,,,,,,,,,
670,,,,,,,,,,,,,,
671,,,,,,,,,,,,,,
672,,,,,,,,,,,,,,
673,,,,,,,,,,,,,,
674,,,,,,,,,,,,,,
675,,,,,,,,,,,,,,
676,,,,,,,,,,,,,,
677,,,,,,,,,,,,,,
678,,,,,,,,,,,,,,
679,,,,,,,,,,,,,,
680,,,,,,,,,,,,,,
681,,,,,,,,,,,,,,
682,,,,,,,,,,,,,,
683,,,,,,,,,,,,,,
684,,,,,,,,,,,,,,
685,,,,,,,,,,,,,,
686,,,,,,,,,,,,,,
687,,,,,,,,,,,,,,
688,,,,,,,,,,,,,,
689,,,,,,,,,,,,,,
690,,,,,,,,,,,,,,
691,,,,,,,,,,,,,,
692,,,,,,,,,,,,,,
693,,,,,,,,,,,,,,
694,,,,,,,,,,,,,,
695,,,,,,,,,,,,,,
696,,,,,,,,,,,,,,
697,,,,,,,,,,,,,,
698,,,,,,,,,,,,,,
699,,,,,,,,,,,,,,
700,,,,,,,,,,,,,,
701,,,,,,,,,,,,,,
702,,,,,,,,,,,,,,
703,,,,,,,,,,,,,,
704,,,,,,,,,,,,,,
705,,,,,,,,,,,,,,
706,,,,,,,,,,,,,,
707,,,,,,,,,,,,,,
708,,,,,,,,,,,,,,
709,,,,,,,,,,,,,,
710,,,,,,,,,,,,,,
711,,,,,,,,,,,,,,
712,,,,,,,,,,,,,,
713,,,,,,,,,,,,,,
714,,,,,,,,,,,,,,
715,,,,,,,,,,,,,,
716,,,,,,,,,,,,,,
717,,,,,,,,,,,,,,
718,,,,,,,,,,,,,,
719,,,,,,,,,,,,,,
720,,,,,,,,,,,,,,
721,,,,,,,,,,,,,,
722,,,,,,,,,,,,,,
723,,,,,,,,,,,,,,
724,,,,,,,,,,,,,,
725,,,,,,,,,,,,,,
726,,,,,,,,,,,,,,
727,,,,,,,,,,,,,,
728,,,,,,,,,,,,,,
729,,,,,,,,,,,,,,
730,,,,,,,,,,,,,,
731,,,,,,,,,,,,,,
732,,,,,,,,,,,,,,
733,,,,,,,,,,,,,,
734,,,,,,,,,,,,,,
735,,,,,,,,,,,,,,
736,,,,,,,,,,,,,,
737,,,,,,,,,,,,,,
738,,,,,,,,,,,,,,
739,,,,,,,,,,,,,,
740,,,,,,,,,,,,,,
741,,,,,,,,,,,,,,
742,,,,,,,,,,,,,,
743,,,,,,,,,,,,,,
744,,,,,,,,,,,,,,
745,,,,,,,,,,,,,,
746,,,,,,,,,,,,,,
747,,,,,,,,,,,,,,
748,,,,,,,,,,,,,,
749,,,,,,,,,,,,,,
750,,,,,,,,,,,,,,
751,,,,,,,,,,,,,,
752,,,,,,,,,,,,,,
753,,,,,,,,,,,,,,
754,,,,,,,,,,,,,,
755,,,,,,,,,,,,,,
756,,,,,,,,,,,,,,
757,,,,,,,,,,,,,,
758,,,,,,,,,,,,,,
759,,,,,,,,,,,,,,
760,,,,,,,,,,,,,,
761,,,,,,,,,,,,,,
762,,,,,,,,,,,,,,
763,,,,,,,,,,,,,,
764,,,,,,,,,,,,,,
765,,,,,,,,,,,,,,
766,,,,,,,,,,,,,,
767,,,,,,,,,,,,,,
768,,,,,,,,,,,,,,
769,,,,,,,,,,,,,,
770,,,,,,,,,,,,,,
771,,,,,,,,,,,,,,
772,,,,,,,,,,,,,,
773,,,,,,,,,,,,,,
774,,,,,,,,,,,,,,
775,,,,,,,,,,,,,,
776,,,,,,,,,,,,,,
777,,,,,,,,,,,,,,
778,,,,,,,,,,,,,,
779,,,,,,,,,,,,,,
780,,,,,,,,,,,,,,
781,,,,,,,,,,,,,,
782,,,,,,,,,,,,,,
783,,,,,,,,,,,,,,
784,,,,,,,,,,,,,,
785,,,,,,,,,,,,,,
786,,,,,,,,,,,,,,
787,,,,,,,,,,,,,,
788,,,,,,,,,,,,,,
789,,,,,,,,,,,,,,
790,,,,,,,,,,,,,,
791,,,,,,,,,,,,,,
792,,,,,,,,,,,,,,
793,,,,,,,,,,,,,,
794,,,,,,,,,,,,,,
795,,,,,,,,,,,,,,
796,,,,,,,,,,,,,,
797,,,,,,,,,,,,,,
798,,,,,,,,,,,,,,
799,,,,,,,,,,,,,,
800,,,,,,,,,,,,,,
801,,,,,,,,,,,,,,
802,,,,,,,,,,,,,,
803,,,,,,,,,,,,,,
804,,,,,,,,,,,,,,
805,,,,,,,,,,,,,,
806,,,,,,,,,,,,,,
807,,,,,,,,,,,,,,
808,,,,,,,,,,,,,,
809,,,,,,,,,,,,,,
810,,,,,,,,,,,,,,
811,,,,,,,,,,,,,,
812,,,,,,,,,,,,,,
813,,,,,,,,,,,,,,
814,,,,,,,,,,,,,,
815,,,,,,,,,,,,,,
816,,,,,,,,,,,,,,
817,,,,,,,,,,,,,,
818,,,,,,,,,,,,,,
819,,,,,,,,,,,,,,
820,,,,,,,,,,,,,,
821,,,,,,,,,,,,,,
822,,,,,,,,,,,,,,
823,,,,,,,,,,,,,,
824,,,,,,,,,,,,,,
825,,,,,,,,,,,,,,
826,,,,,,,,,,,,,,
827,,,,,,,,,,,,,,
828,,,,,,,,,,,,,,
829,,,,,,,,,,,,,,
830,,,,,,,,,,,,,,
831,,,,,,,,,,,,,,
832,,,,,,,,,,,,,,
833,,,,,,,,,,,,,,
834,,,,,,,,,,,,,,
835,,,,,,,,,,,,,,
836,,,,,,,,,,,,,,
837,,,,,,,,,,,,,,
838,,,,,,,,,,,,,,
839,,,,,,,,,,,,,,
840,,,,,,,,,,,,,,
841,,,,,,,,,,,,,,
842,,,,,,,,,,,,,,
843,,,,,,,,,,,,,,
844,,,,,,,,,,,,,,
845,,,,,,,,,,,,,,
846,,,,,,,,,,,,,,
847,,,,,,,,,,,,,,
848,,,,,,,,,,,,,,
849,,,,,,,,,,,,,,
850,,,,,,,,,,,,,,
851,,,,,,,,,,,,,,
852,,,,,,,,,,,,,,
853,,,,,,,,,,,,,,
854,,,,,,,,,,,,,,
855,,,,,,,,,,,,,,
856,,,,,,,,,,,,,,
857,,,,,,,,,,,,,,
858,,,,,,,,,,,,,,
859,,,,,,,,,,,,,,
860,,,,,,,,,,,,,,
861,,,,,,,,,,,,,,
862,,,,,,,,,,,,,,
863,,,,,,,,,,,,,,
864,,,,,,,,,,,,,,
865,,,,,,,,,,,,,,
866,,,,,,,,,,,,,,
867,,,,,,,,,,,,,,
868,,,,,,,,,,,,,,
869,,,,,,,,,,,,,,
870,,,,,,,,,,,,,,
871,,,,,,,,,,,,,,
872,,,,,,,,,,,,,,
873,,,,,,,,,,,,,,
874,,,,,,,,,,,,,,
875,,,,,,,,,,,,,,
876,,,,,,,,,,,,,,
877,,,,,,,,,,,,,,
878,,,,,,,,,,,,,,
879,,,,,,,,,,,,,,
880,,,,,,,,,,,,,,
881,,,,,,,,,,,,,,
882,,,,,,,,,,,,,,
883,,,,,,,,,,,,,,
884,,,,,,,,,,,,,,
885,,,,,,,,,,,,,,
886,,,,,,,,,,,,,,
887,,,,,,,,,,,,,,
888,,,,,,,,,,,,,,
889,,,,,,,,,,,,,,
890,,,,,,,,,,,,,,
891,,,,,,,,,,,,,,
892,,,,,,,,,,,,,,
893,,,,,,,,,,,,,,
894,,,,,,,,,,,,,,
895,,,,,,,,,,,,,,
896,,,,,,,,,,,,,,
897,,,,,,,,,,,,,,
898,,,,,,,,,,,,,,
899,,,,,,,,,,,,,,
900,,,,,,,,,,,,,,
901,,,,,,,,,,,,,,
902,,,,,,,,,,,,,,
903,,,,,,,,,,,,,,
904,,,,,,,,,,,,,,
905,,,,,,,,,,,,,,
906,,,,,,,,,,,,,,
907,,,,,,,,,,,,,,
908,,,,,,,,,,,,,,
909,,,,,,,,,,,,,,
910,,,,,,,,,,,,,,
911,,,,,,,,,,,,,,
912,,,,,,,,,,,,,,
913,,,,,,,,,,,,,,
914,,,,,,,,,,,,,,
915,,,,,,,,,,,,,,
916,,,,,,,,,,,,,,
917,,,,,,,,,,,,,,
918,,,,,,,,,,,,,,
919,,,,,,,,,,,,,,
920,,,,,,,,,,,,,,
921,,,,,,,,,,,,,,
922,,,,,,,,,,,,,,
923,,,,,,,,,,,,,,
924,,,,,,,,,,,,,,
925,,,,,,,,,,,,,,
926,,,,,,,,,,,,,,
927,,,,,,,,,,,,,,
928,,,,,,,,,,,,,,
929,,,,,,,,,,,,,,
930,,,,,,,,,,,,,,
931,,,,,,,,,,,,,,
932,,,,,,,,,,,,,,
933,,,,,,,,,,,,,,
934,,,,,,,,,,,,,,
935,,,,,,,,,,,,,,
936,,,,,,,,,,,,,,
937,,,,,,,,,,,,,,
938,,,,,,,,,,,,,,
939,,,,,,,,,,,,,,
940,,,,,,,,,,,,,,
941,,,,,,,,,,,,,,
942,,,,,,,,,,,,,,
943,,,,,,,,,,,,,,
944,,,,,,,,,,,,,,
945,,,,,,,,,,,,,,
946,,,,,,,,,,,,,,
947,,,,,,,,,,,,,,
948,,,,,,,,,,,,,,
949,,,,,,,,,,,,,,
950,,,,,,,,,,,,,,
951,,,,,,,,,,,,,,
952,,,,,,,,,,,,,,
953,,,,,,,,,,,,,,
954,,,,,,,,,,,,,,
955,,,,,,,,,,,,,,
956,,,,,,,,,,,,,,
957,,,,,,,,,,,,,,
958,,,,,,,,,,,,,,
959,,,,,,,,,,,,,,
960,,,,,,,,,,,,,,
961,,,,,,,,,,,,,,
962,,,,,,,,,,,,,,
963,,,,,,,,,,,,,,
964,,,,,,,,,,,,,,
965,,,,,,,,,,,,,,
966,,,,,,,,,,,,,,
967,,,,,,,,,,,,,,
968,,,,,,,,,,,,,,
969,,,,,,,,,,,,,,
970,,,,,,,,,,,,,,
971,,,,,,,,,,,,,,
972,,,,,,,,,,,,,,
973,,,,,,,,,,,,,,
974,,,,,,,,,,,,,,
975,,,,,,,,,,,,,,
976,,,,,,,,,,,,,,
977,,,,,,,,,,,,,,
978,,,,,,,,,,,,,,
979,,,,,,,,,,,,,,
980,,,,,,,,,,,,,,
981,,,,,,,,,,,,,,
982,,,,,,,,,,,,,,
983,,,,,,,,,,,,,,
984,,,,,,,,,,,,,,
985,,,,,,,,,,,,,,
986,,,,,,,,,,,,,,
987,,,,,,,,,,,,,,
988,,,,,,,,,,,,,,
989,,,,,,,,,,,,,,
990,,,,,,,,,,,,,,
991,,,,,,,,,,,,,,
992,,,,,,,,,,,,,,
993,,,,,,,,,,,,,,
994,,,,,,,,,,,,,,
995,,,,,,,,,,,,,,
996,,,,,,,,,,,,,,
997,,,,,,,,,,,,,,
998,,,,,,,,,,,,,,
999,,,,,,,,,,,,,,
1000,,,,,,,,,,,,,,
1001,,,,,,,,,,,,,,
1002,,,,,,,,,,,,,,
1003,,,,,,,,,,,,,,
1004,,,,,,,,,,,,,,
1005,,,,,,,,,,,,,,
1006,,,,,,,,,,,,,,
1007,,,,,,,,,,,,,,
1008,,,,,,,,,,,,,,
1009,,,,,,,,,,,,,,
1010,,,,,,,,,,,,,,
1011,,,,,,,,,,,,,,
1012,,,,,,,,,,,,,,
1013,,,,,,,,,,,,,,
1014,,,,,,,,,,,,,,
1015,,,,,,,,,,,,,,
1016,,,,,,,,,,,,,,
1017,,,,,,,,,,,,,,
1018,,,,,,,,,,,,,,
1019,,,,,,,,,,,,,,
1020,,,,,,,,,,,,,,
1021,,,,,,,,,,,,,,
1022,,,,,,,,,,,,,,
1023,,,,,,,,,,,,,,
1024,,,,,,,,,,,,,,
1025,,,,,,,,,,,,,,
1026,,,,,,,,,,,,,,
1027,,,,,,,,,,,,,,
1028,,,,,,,,,,,,,,
1029,,,,,,,,,,,,,,
1030,,,,,,,,,,,,,,
1031,,,,,,,,,,,,,,
1032,,,,,,,,,,,,,,
1033,,,,,,,,,,,,,,
1034,,,,,,,,,,,,,,
1035,,,,,,,,,,,,,,
1036,,,,,,,,,,,,,,
1037,,,,,,,,,,,,,,
1038,,,,,,,,,,,,,,
1039,,,,,,,,,,,,,,
1040,,,,,,,,,,,,,,
1041,,,,,,,,,,,,,,
1042,,,,,,,,,,,,,,
1043,,,,,,,,,,,,,,
1044,,,,,,,,,,,,,,
1045,,,,,,,,,,,,,,
1046,,,,,,,,,,,,,,
1047,,,,,,,,,,,,,,
1048,,,,,,,,,,,,,,
1049,,,,,,,,,,,,,,
1050,,,,,,,,,,,,,,
1051,,,,,,,,,,,,,,
1052,,,,,,,,,,,,,,
1053,,,,,,,,,,,,,,
1054,,,,,,,,,,,,,,
1055,,,,,,,,,,,,,,
1056,,,,,,,,,,,,,,
1057,,,,,,,,,,,,,,
1058,,,,,,,,,,,,,,
1059,,,,,,,,,,,,,,
1060,,,,,,,,,,,,,,
1061,,,,,,,,,,,,,,
1062,,,,,,,,,,,,,,
1063,,,,,,,,,,,,,,
1064,,,,,,,,,,,,,,
1065,,,,,,,,,,,,,,
1066,,,,,,,,,,,,,,
1067,,,,,,,,,,,,,,
1068,,,,,,,,,,,,,,
1069,,,,,,,,,,,,,,
1070,,,,,,,,,,,,,,
1071,,,,,,,,,,,,,,
1072,,,,,,,,,,,,,,
1073,,,,,,,,,,,,,,
1074,,,,,,,,,,,,,,
1075,,,,,,,,,,,,,,
1076,,,,,,,,,,,,,,
1077,,,,,,,,,,,,,,
1078,,,,,,,,,,,,,,
1079,,,,,,,,,,,,,,
1080,,,,,,,,,,,,,,
1081,,,,,,,,,,,,,,
1082,,,,,,,,,,,,,,
1083,,,,,,,,,,,,,,
1084,,,,,,,,,,,,,,
1085,,,,,,,,,,,,,,
1086,,,,,,,,,,,,,,
1087,,,,,,,,,,,,,,
1088,,,,,,,,,,,,,,
1089,,,,,,,,,,,,,,
1090,,,,,,,,,,,,,,
1091,,,,,,,,,,,,,,
1092,,,,,,,,,,,,,,
1093,,,,,,,,,,,,,,
1094,,,,,,,,,,,,,,
1095,,,,,,,,,,,,,,
1096,,,,,,,,,,,,,,
1097,,,,,,,,,,,,,,
1098,,,,,,,,,,,,,,
1099,,,,,,,,,,,,,,
1100,,,,,,,,,,,,,,
1101,,,,,,,,,,,,,,
1102,,,,,,,,,,,,,,
1103,,,,,,,,,,,,,,
1104,,,,,,,,,,,,,,
1105,,,,,,,,,,,,,,
1106,,,,,,,,,,,,,,
1107,,,,,,,,,,,,,,
1108,,,,,,,,,,,,,,
1109,,,,,,,,,,,,,,
1110,,,,,,,,,,,,,,
1111,,,,,,,,,,,,,,
1112,,,,,,,,,,,,,,
1113,,,,,,,,,,,,,,
1114,,,,,,,,,,,,,,
1115,,,,,,,,,,,,,,
1116,,,,,,,,,,,,,,
1117,,,,,,,,,,,,,,
1118,,,,,,,,,,,,,,
1119,,,,,,,,,,,,,,
1120,,,,,,,,,,,,,,
1121,,,,,,,,,,,,,,
1122,,,,,,,,,,,,,,
1123,,,,,,,,,,,,,,
1124,,,,,,,,,,,,,,
1125,,,,,,,,,,,,,,
1126,,,,,,,,,,,,,,
1127,,,,,,,,,,,,,,
1128,,,,,,,,,,,,,,
1129,,,,,,,,,,,,,,
1130,,,,,,,,,,,,,,
1131,,,,,,,,,,,,,,
1132,,,,,,,,,,,,,,
1133,,,,,,,,,,,,,,
1134,,,,,,,,,,,,,,
1135,,,,,,,,,,,,,,
1136,,,,,,,,,,,,,,
1137,,,,,,,,,,,,,,
1138,,,,,,,,,,,,,,
1139,,,,,,,,,,,,,,
1140,,,,,,,,,,,,,,
1141,,,,,,,,,,,,,,
1142,,,,,,,,,,,,,,
1143,,,,,,,,,,,,,,
1144,,,,,,,,,,,,,,
1145,,,,,,,,,,,,,,
1146,,,,,,,,,,,,,,
1147,,,,,,,,,,,,,,
1148,,,,,,,,,,,,,,
1149,,,,,,,,,,,,,,
1150,,,,,,,,,,,,,,
1151,,,,,,,,,,,,,,
1152,,,,,,,,,,,,,,
1153,,,,,,,,,,,,,,
1154,,,,,,,,,,,,,,
1155,,,,,,,,,,,,,,
1156,,,,,,,,,,,,,,
1157,,,,,,,,,,,,,,
1158,,,,,,,,,,,,,,
1159,,,,,,,,,,,,,,
1160,,,,,,,,,,,,,,
1161,,,,,,,,,,,,,,
1162,,,,,,,,,,,,,,
1163,,,,,,,,,,,,,,
1164,,,,,,,,,,,,,,
1165,,,,,,,,,,,,,,
1166,,,,,,,,,,,,,,
1167,,,,,,,,,,,,,,
1168,,,,,,,,,,,,,,
1169,,,,,,,,,,,,,,
1170,,,,,,,,,,,,,,
1171,,,,,,,,,,,,,,
1172,,,,,,,,,,,,,,
1173,,,,,,,,,,,,,,
1174,,,,,,,,,,,,,,
1175,,,,,,,,,,,,,,
1176,,,,,,,,,,,,,,
1177,,,,,,,,,,,,,,
1178,,,,,,,,,,,,,,
1179,,,,,,,,,,,,,,
1180,,,,,,,,,,,,,,
1181,,,,,,,,,,,,,,
1182,,,,,,,,,,,,,,
1183,,,,,,,,,,,,,,
1184,,,,,,,,,,,,,,
1185,,,,,,,,,,,,,,
1186,,,,,,,,,,,,,,
1187,,,,,,,,,,,,,,
1188,,,,,,,,,,,,,,
1189,,,,,,,,,,,,,,
1190,,,,,,,,,,,,,,
1191,,,,,,,,,,,,,,
1192,,,,,,,,,,,,,,
1193,,,,,,,,,,,,,,
1194,,,,,,,,,,,,,,
1195,,,,,,,,,,,,,,
1196,,,,,,,,,,,,,,
1197,,,,,,,,,,,,,,
1198,,,,,,,,,,,,,,
1199,,,,,,,,,,,,,,
1200,,,,,,,,,,,,,,
1201,,,,,,,,,,,,,,
1202,,,,,,,,,,,,,,
1203,,,,,,,,,,,,,,
1204,,,,,,,,,,,,,,
1205,,,,,,,,,,,,,,
1206,,,,,,,,,,,,,,
1207,,,,,,,,,,,,,,
1208,,,,,,,,,,,,,,
1209,,,,,,,,,,,,,,
1210,,,,,,,,,,,,,,
1211,,,,,,,,,,,,,,
1212,,,,,,,,,,,,,,
1213,,,,,,,,,,,,,,
1214,,,,,,,,,,,,,,
1215,,,,,,,,,,,,,,
1216,,,,,,,,,,,,,,
1217,,,,,,,,,,,,,,
1218,,,,,,,,,,,,,,
1219,,,,,,,,,,,,,,
1220,,,,,,,,,,,,,,
1221,,,,,,,,,,,,,,
1222,,,,,,,,,,,,,,
1223,,,,,,,,,,,,,,
1224,,,,,,,,,,,,,,
1225,,,,,,,,,,,,,,
1226,,,,,,,,,,,,,,
1227,,,,,,,,,,,,,,
1228,,,,,,,,,,,,,,
1229,,,,,,,,,,,,,,
1230,,,,,,,,,,,,,,
1231,,,,,,,,,,,,,,
1232,,,,,,,,,,,,,,
1233,,,,,,,,,,,,,,
1234,,,,,,,,,,,,,,
1235,,,,,,,,,,,,,,
1236,,,,,,,,,,,,,,
1237,,,,,,,,,,,,,,
1238,,,,,,,,,,,,,,
1239,,,,,,,,,,,,,,
1240,,,,,,,,,,,,,,
1241,,,,,,,,,,,,,,
1242,,,,,,,,,,,,,,
1243,,,,,,,,,,,,,,
1244,,,,,,,,,,,,,,
1245,,,,,,,,,,,,,,
1246,,,,,,,,,,,,,,
1247,,,,,,,,,,,,,,
1248,,,,,,,,,,,,,,
1249,,,,,,,,,,,,,,
1250,,,,,,,,,,,,,,
1251,,,,,,,,,,,,,,
1252,,,,,,,,,,,,,,
1253,,,,,,,,,,,,,,
1254,,,,,,,,,,,,,,
1255,,,,,,,,,,,,,,
1256,,,,,,,,,,,,,,
1257,,,,,,,,,,,,,,
1258,,,,,,,,,,,,,,
1259,,,,,,,,,,,,,,
1260,,,,,,,,,,,,,,
1261,,,,,,,,,,,,,,
1262,,,,,,,,,,,,,,
1263,,,,,,,,,,,,,,
1264,,,,,,,,,,,,,,
1265,,,,,,,,,,,,,,
1266,,,,,,,,,,,,,,
1267,,,,,,,,,,,,,,
1268,,,,,,,,,,,,,,
1269,,,,,,,,,,,,,,
1270,,,,,,,,,,,,,,
1271,,,,,,,,,,,,,,
1272,,,,,,,,,,,,,,
1273,,,,,,,,,,,,,,
1274,,,,,,,,,,,,,,
1275,,,,,,,,,,,,,,
1276,,,,,,,,,,,,,,
1277,,,,,,,,,,,,,,
1278,,,,,,,,,,,,,,
1279,,,,,,,,,,,,,,
1280,,,,,,,,,,,,,,
1281,,,,,,,,,,,,,,
1282,,,,,,,,,,,,,,
1283,,,,,,,,,,,,,,
1284,,,,,,,,,,,,,,
1285,,,,,,,,,,,,,,
1286,,,,,,,,,,,,,,
1287,,,,,,,,,,,,,,
1288,,,,,,,,,,,,,,
1289,,,,,,,,,,,,,,
1290,,,,,,,,,,,,,,
1291,,,,,,,,,,,,,,
1292,,,,,,,,,,,,,,
1293,,,,,,,,,,,,,,
1294,,,,,,,,,,,,,,
1295,,,,,,,,,,,,,,
1296,,,,,,,,,,,,,,
1297,,,,,,,,,,,,,,
1298,,,,,,,,,,,,,,
1299,,,,,,,,,,,,,,
1300,,,,,,,,,,,,,,
1301,,,,,,,,,,,,,,
1302,,,,,,,,,,,,,,
1303,,,,,,,,,,,,,,
1304,,,,,,,,,,,,,,
1305,,,,,,,,,,,,,,
1306,,,,,,,,,,,,,,
1307,,,,,,,,,,,,,,
1308,,,,,,,,,,,,,,
1309,,,,,,,,,,,,,,
1310,,,,,,,,,,,,,,
1311,,,,,,,,,,,,,,
1312,,,,,,,,,,,,,,
1313,,,,,,,,,,,,,,
1314,,,,,,,,,,,,,,
1315,,,,,,,,,,,,,,
1316,,,,,,,,,,,,,,
1317,,,,,,,,,,,,,,
1318,,,,,,,,,,,,,,
1319,,,,,,,,,,,,,,
1320,,,,,,,,,,,,,,
1321,,,,,,,,,,,,,,
1322,,,,,,,,,,,,,,
1323,,,,,,,,,,,,,,
1324,,,,,,,,,,,,,,
1325,,,,,,,,,,,,,,
1326,,,,,,,,,,,,,,
1327,,,,,,,,,,,,,,
1328,,,,,,,,,,,,,,
1329,,,,,,,,,,,,,,
1330,,,,,,,,,,,,,,
1331,,,,,,,,,,,,,,
1332,,,,,,,,,,,,,,
1333,,,,,,,,,,,,,,
1334,,,,,,,,,,,,,,
1335,,,,,,,,,,,,,,
1336,,,,,,,,,,,,,,
1337,,,,,,,,,,,,,,
1338,,,,,,,,,,,,,,
1339,,,,,,,,,,,,,,
1340,,,,,,,,,,,,,,
1341,,,,,,,,,,,,,,
1342,,,,,,,,,,,,,,
1343,,,,,,,,,,,,,,
1344,,,,,,,,,,,,,,
1345,,,,,,,,,,,,,,
1346,,,,,,,,,,,,,,
1347,,,,,,,,,,,,,,
1348,,,,,,,,,,,,,,
1349,,,,,,,,,,,,,,
1350,,,,,,,,,,,,,,
1351,,,,,,,,,,,,,,
1352,,,,,,,,,,,,,,
1353,,,,,,,,,,,,,,
1354,,,,,,,,,,,,,,
1355,,,,,,,,,,,,,,
1356,,,,,,,,,,,,,,
1357,,,,,,,,,,,,,,
1358,,,,,,,,,,,,,,
1359,,,,,,,,,,,,,,
1360,,,,,,,,,,,,,,
1361,,,,,,,,,,,,,,
1362,,,,,,,,,,,,,,
1363,,,,,,,,,,,,,,
1364,,,,,,,,,,,,,,
1365,,,,,,,,,,,,,,
1366,,,,,,,,,,,,,,
1367,,,,,,,,,,,,,,
1368,,,,,,,,,,,,,,
1369,,,,,,,,,,,,,,
1370,,,,,,,,,,,,,,
1371,,,,,,,,,,,,,,
1372,,,,,,,,,,,,,,
1373,,,,,,,,,,,,,,
1374,,,,,,,,,,,,,,
1375,,,,,,,,,,,,,,
1376,,,,,,,,,,,,,,
1377,,,,,,,,,,,,,,
1378,,,,,,,,,,,,,,
1379,,,,,,,,,,,,,,
1380,,,,,,,,,,,,,,
1381,,,,,,,,,,,,,,
1382,,,,,,,,,,,,,,
1383,,,,,,,,,,,,,,
1384,,,,,,,,,,,,,,
1385,,,,,,,,,,,,,,
1386,,,,,,,,,,,,,,
1387,,,,,,,,,,,,,,
1388,,,,,,,,,,,,,,
1389,,,,,,,,,,,,,,
1390,,,,,,,,,,,,,,
1391,,,,,,,,,,,,,,
1392,,,,,,,,,,,,,,
1393,,,,,,,,,,,,,,
1394,,,,,,,,,,,,,,
1395,,,,,,,,,,,,,,
1396,,,,,,,,,,,,,,
1397,,,,,,,,,,,,,,
1398,,,,,,,,,,,,,,
1399,,,,,,,,,,,,,,
1400,,,,,,,,,,,,,,
1401,,,,,,,,,,,,,,
1402,,,,,,,,,,,,,,
1403,,,,,,,,,,,,,,